{"count":1,"gauges":{"My Behavior.CumulativeReward":{"count":1760,"max":12.700016,"min":0.300000221,"value":0.8000003,"weightedAverage":1.4063381}},"self":412.72896,"total":414.3172068,"children":{"AgentSendState":{"count":20669,"self":0.4146879,"total":0.6569337,"children":{"CollectObservations":{"count":49608,"self":0.24224579999999998,"total":0.24224579999999998,"children":null}}},"DecideAction":{"count":20669,"self":0.0724055,"total":0.0724055,"children":null},"AgentAct":{"count":20669,"self":0.8579201,"total":0.8579201,"children":null}}}